CNPJ_CIA;DT_REFER;VERSAO;DENOM_CIA;CD_CVM;CATEG_DOC;ID_DOC;DT_RECEB;LINK_DOC
06.981.381/0001-13;2023-03-31;1;CTC - CENTRO DE TECNOLOGIA CANAVIEIRA S.A.;023981;DFP;126731;2023-05-15;http://www.rad.cvm.gov.br/ENETCONSULTA/frmDownloadDocumento.aspx?CodigoInstituicao=1&NumeroSequencialDocumento=126731
06.981.381/0001-13;2023-03-31;2;CTC - CENTRO DE TECNOLOGIA CANAVIEIRA S.A.;023981;DFP;127266;2023-05-26;http://www.rad.cvm.gov.br/ENETCONSULTA/frmDownloadDocumento.aspx?CodigoInstituicao=1&NumeroSequencialDocumento=127266
08.070.508/0001-78;2023-03-31;1;RAIZEN ENERGIA S.A.;023230;DFP;126606;2023-05-12;http://www.rad.cvm.gov.br/ENETCONSULTA/frmDownloadDocumento.aspx?CodigoInstituicao=1&NumeroSequencialDocumento=126606
33.453.598/0001-23;2023-03-31;1;RA�ZEN S.A.;025917;DFP;126609;2023-05-12;http://www.rad.cvm.gov.br/ENETCONSULTA/frmDownloadDocumento.aspx?CodigoInstituicao=1&NumeroSequencialDocumento=126609
64.904.295/0001-03;2023-02-28;1;CAMIL ALIMENTOS S.A.;024228;DFP;126052;2023-05-09;http://www.rad.cvm.gov.br/ENETCONSULTA/frmDownloadDocumento.aspx?CodigoInstituicao=1&NumeroSequencialDocumento=126052
71.476.527/0001-35;2023-03-31;1;CONSTRUTORA TENDA S.A.;021148;DFP;125703;2023-05-03;http://www.rad.cvm.gov.br/ENETCONSULTA/frmDownloadDocumento.aspx?CodigoInstituicao=1&NumeroSequencialDocumento=125703
